Producto,Ponderacion,Ponderacion_Nueva
Aceite,0.3455,2.587449037364112
Azucar,0.18716,1.401640989386591
Carnes,4.38211,32.81761592221027
Cereales,0.67947,5.088549920167275
Frutas,1.1832500000000001,8.861357665589251
Harina,0.09708,0.7270319900066802
Hortaliza,1.69038,12.659253556525465
Huevos,0.33391,2.500651542883504
Lacteos,2.22952,16.696872294599235
Legumbre,0.13135,0.9836799741180206
Pan,2.0931900000000003,15.6758971071496
